{
  "ear": {
    "gpt-4o": {
      "1A": 0.5,
      "1C": 0.5,
      "1B": 0.6666666666666666,
      "delta_ac": 0.0,
      "delta_cb": 0.16666666666666663
    },
    "claude-3.5-sonnet": {
      "1A": 0.7666666666666667,
      "1C": 0.5932203389830508,
      "1B": 0.8166666666666667,
      "delta_ac": -0.1734463276836159,
      "delta_cb": 0.22344632768361583
    },
    "gemini-1.5-pro": {
      "1A": 0.5166666666666667,
      "1C": 0.5,
      "1B": 0.8333333333333334,
      "delta_ac": -0.01666666666666672,
      "delta_cb": 0.33333333333333337
    }
  },
  "jear": {
    "gpt-4o": {
      "2A": 0.0,
      "2B": 1.0,
      "delta": 1.0
    },
    "claude-3.5-sonnet": {
      "2A": 0.21666666666666667,
      "2B": 1.0,
      "delta": 0.7833333333333333
    },
    "gemini-1.5-pro": {
      "2A": 0.0,
      "2B": 1.0,
      "delta": 1.0
    }
  },
  "asr": {
    "gpt-4o": {
      "3A": 0.0,
      "3B": 0.16666666666666666,
      "3C": 0.7333333333333333,
      "delta_bc": 0.5666666666666667
    },
    "claude-3.5-sonnet": {
      "3A": 0.0,
      "3B": 0.3220338983050847,
      "3C": 0.1896551724137931,
      "delta_bc": -0.13237872589129163
    },
    "gemini-1.5-pro": {
      "3A": 0.0,
      "3B": 0.9,
      "3C": 0.6833333333333333,
      "delta_bc": -0.21666666666666667
    }
  },
  "metadata": {
    "total_valid_results": 1433,
    "models": {
      "gpt-4o": "openai/gpt-4o-mini",
      "claude-3.5-sonnet": "anthropic/claude-3.5-haiku",
      "gemini-1.5-pro": "google/gemini-2.0-flash-001"
    },
    "model_display_names": {
      "gpt-4o": "GPT-4o-mini",
      "claude-3.5-sonnet": "Claude 3.5 Haiku",
      "gemini-1.5-pro": "Gemini 2.0 Flash"
    }
  }
}